{"cameraMode":{"drawMode":0,"name":"Shaded","section":"Shading Mode"},"sceneLighting":true,"audioPlay":false,"sceneViewState":{"showFog":false,"showMaterialUpdate":false,"showSkybox":true,"showFlares":false,"showImageEffects":false,"showParticleSystems":false},"in2DMode":false,"pivot":{"x":29.383033752441408,"y":-41.36522674560547,"z":87.53431701660156},"rotation":{"x":0.2859971225261688,"y":0.08036942780017853,"z":-0.02408481203019619,"w":0.9545660018920898},"size":71.38470458984375,"orthographic":false}