{"cameraMode":{"drawMode":0,"name":"Shaded","section":"Shading Mode"},"sceneLighting":true,"audioPlay":false,"sceneViewState":{"showFog":false,"showMaterialUpdate":false,"showSkybox":true,"showFlares":false,"showImageEffects":false,"showParticleSystems":false},"in2DMode":false,"pivot":{"x":1155.2188720703125,"y":109.07975769042969,"z":587.9720458984375},"rotation":{"x":0.09499484300613404,"y":-0.45754942297935488,"z":0.04923428222537041,"w":0.8827412128448486},"size":1.5712597370147706,"orthographic":false}