{"cameraMode":{"drawMode":0,"name":"Shaded","section":"Shading Mode"},"sceneLighting":true,"audioPlay":false,"sceneViewState":{"showFog":false,"showMaterialUpdate":false,"showSkybox":true,"showFlares":false,"showImageEffects":false,"showParticleSystems":false},"in2DMode":false,"pivot":{"x":16.91118621826172,"y":1.3078798055648804,"z":0.8966504335403442},"rotation":{"x":0.24275237321853639,"y":-0.0040764398872852329,"z":0.0010196485091000796,"w":0.9701026678085327},"size":4.325111389160156,"orthographic":false}