{"cameraMode":{"drawMode":0,"name":"Shaded","section":"Shading Mode"},"sceneLighting":true,"audioPlay":false,"sceneViewState":{"showFog":false,"showMaterialUpdate":false,"showSkybox":true,"showFlares":false,"showImageEffects":false,"showParticleSystems":false},"in2DMode":false,"pivot":{"x":1155.439697265625,"y":108.779541015625,"z":588.1715087890625},"rotation":{"x":0.09499484300613404,"y":-0.45754942297935488,"z":0.04923428222537041,"w":0.8827412128448486},"size":0.6712597608566284,"orthographic":false}