{"cameraMode":{"drawMode":0,"name":"Shaded","section":"Shading Mode"},"sceneLighting":true,"audioPlay":false,"sceneViewState":{"showFog":false,"showMaterialUpdate":false,"showSkybox":true,"showFlares":false,"showImageEffects":false,"showParticleSystems":false},"in2DMode":false,"pivot":{"x":188.75381469726563,"y":116.10205078125,"z":64.93817901611328},"rotation":{"x":0.07934147119522095,"y":0.06574321538209915,"z":-0.0052441940642893318,"w":0.9946643114089966},"size":154.87220764160157,"orthographic":false}