{"cameraMode":{"drawMode":0,"name":"Shaded","section":"Shading Mode"},"sceneLighting":true,"audioPlay":false,"sceneViewState":{"showFog":false,"showMaterialUpdate":false,"showSkybox":true,"showFlares":false,"showImageEffects":false,"showParticleSystems":false},"in2DMode":false,"pivot":{"x":16.804244995117189,"y":1.5034923553466797,"z":10.195387840270996},"rotation":{"x":0.007895033806562424,"y":0.9845790863037109,"z":-0.16860292851924897,"w":0.04610878974199295},"size":5.10615348815918,"orthographic":false}