{"cameraMode":{"drawMode":0,"name":"Shaded","section":"Shading Mode"},"sceneLighting":true,"audioPlay":false,"sceneViewState":{"showFog":false,"showMaterialUpdate":false,"showSkybox":true,"showFlares":false,"showImageEffects":false,"showParticleSystems":false},"in2DMode":false,"pivot":{"x":-46.615692138671878,"y":-43.22311019897461,"z":90.0},"rotation":{"x":0.23322364687919618,"y":0.18963809311389924,"z":-0.04642866551876068,"w":0.9526286125183106},"size":13.608277320861817,"orthographic":false}