{"cameraMode":{"drawMode":0,"name":"Shaded","section":"Shading Mode"},"sceneLighting":true,"audioPlay":false,"sceneViewState":{"showFog":false,"showMaterialUpdate":false,"showSkybox":true,"showFlares":false,"showImageEffects":false,"showParticleSystems":false},"in2DMode":false,"pivot":{"x":9.310490608215332,"y":-30.22565269470215,"z":98.37617492675781},"rotation":{"x":0.2859971225261688,"y":0.08036942780017853,"z":-0.02408481203019619,"w":0.9545660018920898},"size":105.10560607910156,"orthographic":false}