{"cameraMode":{"drawMode":0,"name":"Shaded","section":"Shading Mode"},"sceneLighting":true,"audioPlay":false,"sceneViewState":{"showFog":false,"showMaterialUpdate":false,"showSkybox":true,"showFlares":false,"showImageEffects":false,"showParticleSystems":false},"in2DMode":false,"pivot":{"x":1148.662841796875,"y":107.36691284179688,"z":592.436767578125},"rotation":{"x":0.37706053256988528,"y":-0.25725090503692629,"z":0.10985059291124344,"w":0.8829545974731445},"size":12.607647895812989,"orthographic":false}