{"cameraMode":{"drawMode":0,"name":"Shaded","section":"Shading Mode"},"sceneLighting":true,"audioPlay":false,"sceneViewState":{"showFog":false,"showMaterialUpdate":false,"showSkybox":true,"showFlares":false,"showImageEffects":false,"showParticleSystems":false},"in2DMode":false,"pivot":{"x":-13.073030471801758,"y":-44.243709564208987,"z":96.71043395996094},"rotation":{"x":0.030607417225837709,"y":0.24776500463485719,"z":-0.007831402122974396,"w":0.9683077335357666},"size":31.887054443359376,"orthographic":false}